{"cameraMode":{"drawMode":0,"name":"Shaded","section":"Shading Mode"},"sceneLighting":false,"audioPlay":false,"sceneViewState":{"showFog":true,"showMaterialUpdate":false,"showSkybox":false,"showFlares":true,"showImageEffects":true,"showParticleSystems":true},"in2DMode":false,"pivot":{"x":0.0,"y":1.5399999618530274,"z":-7.630000114440918},"rotation":{"x":0.08314131945371628,"y":-0.6739871501922607,"z":0.07675712555646897,"w":0.7300346493721008},"size":0.8660253882408142,"orthographic":false}